Timestamp,Datos del candidatx,Puesto al que se presenta,Partido,Distrito,Observaciones,Lxs adolescentes pueden recibir anticonceptivos sin el permiso de sus padres. [Estoy:],La educación sexual debe ser parte integral de la enseñanza en todos los niveles. [Estoy:],"El Estado debe garantizar el acceso al aborto legal, seguro y gratuito.  [Estoy:]",Es necesario aumentar el cupo femenino del 30% al 50% en las listas electivas.  [Estoy:],El Estado debe utilizar lenguaje inclusivo en la comunicación pública. [Estoy:],Diputadxs y legisladorxs -  El/la candidatx está en una lista compuesta por: ,La licencia de paternidad debe ser de al menos 1 mes. [Estoy:],Estoy a favor de una jubilación para las amas de casa.  [Estoy:],Redistribuir el trabajo doméstico no remunerado es clave para la igualdad de género. [Estoy:],Es necesario implementar el cupo trans en todos los organismos del Estado. [Estoy:],En la lista en la que se postula hay candidat*s LGBT,El piropo callejero es una forma de acoso.  [Estoy:],Estoy a favor de las licencias laborales por violencia de género. [Estoy:],Es necesario aumentar el presupuesto para combatir la violencia de género. [Estoy:],Adhiere la campaña #MenstruAcción,¿Mencionó en su campaña alguna propuesta para cerrar alguna de las brechas de género existentes?  (si la respuesta es afirmativa mencionar cuál),"¿Realizó en su campaña alguna declaración machista, misógina o en contra de la igualdad de género? (si la respuesta es afirmativa mencionar cuál)",Senadorxs: ¿La lista la encabeza una mujer?,"Observaciones, comentarios, dudas",,FOTO,t1,1,2,3,t2,4,5,6,t3,7,8,9,t4,10,11,t5,12,13,14,15,16,17,Total,Mujer/Varón,edad,Provincia
23/08/2017 21:11:25,Cristina Fernández de Kirchner,Senador/a,Unidad Ciudadana,Provincia de Buenos Aires,,De acuerdo,De acuerdo,En desacuerdo,De acuerdo,De acuerdo,,En desacuerdo,De acuerdo,Sin respuesta,De acuerdo,No,De acuerdo,Se abstiene,De acuerdo,No la conoce,"Creación de una Comisión Bicameral de seguimiento y adecuación del sistema judicial y de seguridad argentino que hagan institucionalmente efectivas las políticas de igualdad de género, incorporando las estadísticas como elemento de diagnostico y eficacia.",,Si,,,cfk.jpg,-0.4,1,1,-1,1,1,1,1,0,-1,1,0,0,1,-1,0.75,1,0,1,0,1,0,1.4,M ,64,Provincia de Buenos Aires
23/08/2017 21:18:37,Florencio Randazzo,Senador/a,Cumplir,Provincia de Buenos Aires,,Sin respuesta,Se abstiene,Se abstiene,En desacuerdo,En desacuerdo,,Sin respuesta,De acuerdo,Sin respuesta,Sin respuesta,No,Sin respuesta,Sin respuesta,De acuerdo,No la conoce,"Garantizar, por ley, la obligatoriedad de instrucción en problemáticas que tengan que ver con la desigualdad de género para el Poder Judicial y miembros de las Fuerzas de Seguridad.",No cumplió con el cupo femenino en el armado de su lista y fue advertido por la Justicia electoral.,No,,,randazzo florencio.jpg,0,0,0,0,-0.7,-1,-1,0,0.25,0,1,0,-0.5,0,-1,0.5,0,0,1,0,1,-1,-0.5,V,53,Provincia de Buenos Aires
25/08/2017 17:02:11,Esteban Bullrich,Senador/a,Cambiemos,Provincia de Buenos Aires,,Sin respuesta,Se abstiene,En desacuerdo,De acuerdo,En desacuerdo,,Sin respuesta,Se abstiene,Se abstiene,Se abstiene,No,En desacuerdo,Se abstiene,Se abstiene,No la conoce,,"""Ni una menos también es si hay una beba adentro""",No,,,Bullrich.jpg,-0.7,0,0,-1,0.3,1,-1,0,0,0,0,0,-0.5,0,-1,-0.25,-1,0,0,0,0,-1,-1.2,V,48,Provincia de Buenos Aires
25/08/2017 17:04:47,Fernanda Vallejos,Diputado/a Nacional,Unidad Ciudadana,Provincia de Buenos Aires,,Sin respuesta,Sin respuesta,Se abstiene,De acuerdo,De acuerdo,Entre 40 y 50% de mujeres,Se abstiene,Se abstiene,Se abstiene,Se abstiene,No,Se abstiene,Se abstiene,Se abstiene,No la conoce,Cerrar la brecha salarial,,,,,vallejos.jpg,0,0,0,0,0.91,1,1,0.7,0,0,0,0,-0.5,0,-1,0,0,0,0,0,1,0,0.4,M,38,Provincia de Buenos Aires
25/08/2017 17:06:26,Myriam Bregman,Legislador/a,Frente De Izquierda,CABA,,De acuerdo,De acuerdo,De acuerdo,De acuerdo,De acuerdo,Más de 50% de mujeres,De acuerdo,De acuerdo,De acuerdo,De acuerdo,Sí,De acuerdo,De acuerdo,De acuerdo,Sí,"Como diputada nacional por el PTS en el Frente de Izquierda, presenté distintos proyectos de ley que se proponen aportar a la lucha por los derechos de las mujeres y personas LGTB, en el camino de fortalecer la pelea por una sociedad libre de todo tipo de opresión y violencia. Entre esas iniciativas, que también son parte de nuestras propuestas electorales, con mi compañero Nicolás del Caño presentamos en el Congreso un proyecto que propone declarar la Emergencia en materia de violencia hacia las mujeres y promueve la creación de un plan nacional, con medidas mínimas y elementales que debería garantizar el Estado para dar una respuesta integral ante este flagelo. Entre nuestras propuestas también se destaca la exigencia de un salario mínimo igual al costo de la canasta básica familiar; de igual salario por igual trabajo; de fin de la tercerización y la precarización laboral; de cupo laboral trans en los establecimientos públicos y privados; de licencias por violencia de género, por enfermedad de los hijos e hijas y personas a cargo; de escuelas infantiles y lactarios en los lugares de estudio y de trabajo, al mismo tiempo que impulsamos la organización y la participación de las mujeres en la vida política y sindical. Como parte de nuestras propuestas se encuentra también la legalización de la interrupción voluntaria de los embarazos no deseados, que acompañamos  con Nicolás del Caño siendo firmantes del proyecto presentado en la Cámara de Diputados por la Campaña Nacional por el Derecho al Aborto Legal, Seguro y Gratuito. ",,,,,bregman.jpg,1,1,1,1,1,1,1,1,1,1,1,1,1,1,1,1,1,1,1,1,1,0,5.0,M,45,CABA
25/08/2017 17:12:09,Martín Lousteau,Diputado/a Nacional,Evolución,CABA,,Sin respuesta,De acuerdo,Se abstiene,De acuerdo,En desacuerdo,Entre 40 y 50% de mujeres,En desacuerdo,Se abstiene,De acuerdo,Se abstiene,No,Se abstiene,Se abstiene,De acuerdo,No la conoce,"1)Modificar el régimen de licencias de maternidad y parternidad con 15 días como mínimo de licencia por paternidad y crear una licencia familiar de 60 días que pueda ser tomada de forma no consecutiva y flexible durante el primer año de vida del bebé por el padro o la madre. 
2)Plan integral contra la violencia de género, que opere como una malla de contención que evite los femicidios. Con talleres de prevención de los noviazgos violentos en la escuela media, atención especializada y descentralizada (asistencia legal y psicológica/patrocinio jurídico gratruito) ruta de atención personalizada (coordinación con todas las áreas) sistema de alertas tempranas. Implementar la ley de educación sexual integral 
3)Impulsar la paridad en los cargos electivos ",Pidió más iluminación en CABA para que no haya oferta de sexo en la vía pública.,,,,martin-losteau.jpg,0.1,0,1,0,0.51,1,-1,0.7,0.25,-1,0,1,-0.5,0,-1,0.5,0,0,1,0,1,-1,0.9,V,46,CABA
25/08/2017 17:13:48,Matías Tombolini,Diputado/a Nacional,1 País,CABA,,De acuerdo,De acuerdo,De acuerdo,De acuerdo,De acuerdo,Más de 50% de mujeres,De acuerdo,De acuerdo,De acuerdo,De acuerdo,No,De acuerdo,De acuerdo,De acuerdo,Sí,En términos políticos aquellos que se incluyen en el compromiso Parlamentario firmado con la Diputada Victoria Donda durante el mes de agosto.,,,,,tombolini.jpg,1,1,1,1,1,1,1,1,1,1,1,1,0,1,-1,1,1,1,1,1,1,0,4.0,V,43,CABA
28/08/2017 16:13:59,Gladyz González,Senador/a,Cambiemos,Provincia de Buenos Aires,,De acuerdo,De acuerdo,En desacuerdo,De acuerdo,Se abstiene,,Sin respuesta,Sin respuesta,Sin respuesta,Sin respuesta,No,De acuerdo,De acuerdo,De acuerdo,No la conoce,,,No,,,Gladys_Gonzalez.jpg,-0.4,1,1,-1,0.5,1,0,0,0,0,0,0,-0.5,0,-1,1,1,1,1,0,0,0,0.6,M,44,Provincia de Buenos Aires
28/08/2017 16:44:34,Sergio Massa,Senador/a,1 País,Provincia de Buenos Aires,,De acuerdo,De acuerdo,Se abstiene,De acuerdo,De acuerdo,,De acuerdo,De acuerdo,De acuerdo,Sin respuesta,No,De acuerdo,De acuerdo,De acuerdo,No la conoce,Impulsó paridad en la Pcia de Buenos Aires,,No,,,massa.jpg,0.3,1,1,0,0.7,1,1,0,1,1,1,1,-0.5,0,-1,1,1,1,1,0,1,0,2.5,V,45,Provincia de Buenos Aires
28/08/2017 17:17:39,Margarita Stolbizer,Senador/a,1 País,Provincia de Buenos Aires,,De acuerdo,De acuerdo,De acuerdo,De acuerdo,De acuerdo,,De acuerdo,De acuerdo,De acuerdo,Sin respuesta,No,De acuerdo,De acuerdo,De acuerdo,No la conoce,,,No,,,stolbizer.jpg,1,1,1,1,0.7,1,1,0,1,1,1,1,-0.5,0,-1,1,1,1,1,0,0,0,3.2,M,62,Provincia de Buenos Aires
28/08/2017 21:05:02,Elisa Carrió,Diputado/a Nacional,Cambiemos,CABA,,De acuerdo,De acuerdo,En desacuerdo,Se abstiene,En desacuerdo,Entre 40 y 50% de mujeres,Se abstiene,Sin respuesta,En desacuerdo,Se abstiene,No,Sin respuesta,Sin respuesta,Sin respuesta,No la conoce,,,,,,elisa-carrio.jpg,-0.4,1,1,-1,0.01,0,-1,0.7,-0.5,0,0,-1,-0.5,0,-1,0,0,0,0,0,0,0,-1.4,M,60,CABA
28/08/2017 21:18:25,Néstor Pitrola,Senador/a,Frente De Izquierda,Provincia de Buenos Aires,,De acuerdo,De acuerdo,De acuerdo,En desacuerdo,Se abstiene,,De acuerdo,Sin respuesta,En desacuerdo,De acuerdo,Sí,De acuerdo,De acuerdo,De acuerdo,No la conoce,,,No,,,pitrola.jpg,1,1,1,1,-0.5,-1,0,0,-0.25,1,0,-1,1,1,1,1,1,1,1,0,0,0,2.3,V,65,Provincia de Buenos Aires
28/08/2017 21:20:30,Jorge Taiana,Senador/a,Unidad Ciudadana,Provincia de Buenos Aires,,De acuerdo,De acuerdo,De acuerdo,De acuerdo,De acuerdo,,De acuerdo,De acuerdo,De acuerdo,De acuerdo,No,Sin respuesta,De acuerdo,De acuerdo,No la conoce,"Creación de una Comisión Bicameral de seguimiento y adecuación del sistema judicial y de seguridad argentino que hagan institucionalmente efectivas las políticas de igualdad de género, incorporando las estadísticas como elemento de diagnostico y eficacia.",,Si,,,JorgeTaiana.jpg,1,1,1,1,1,1,1,1,1,1,1,1,0,1,-1,0.75,0,1,1,0,1,0,3.8,V,67,Provincia de Buenos Aires
,Andrea D'Atri,Senador/a,Frente De Izquierda,Provincia de Buenos Aires,,De acuerdo,De acuerdo,De acuerdo,De acuerdo,De acuerdo,,De acuerdo,De acuerdo,De acuerdo,De acuerdo,Sí,Se abstiene,De acuerdo,De acuerdo,Sí,Varios proyectos ya presentados en mandatos anteriores por nuestro bloque,,No,,,andrea-datri.jpg,1,1,1,1,0.7,1,1,0,1,1,1,1,1,1,1,0.75,0,1,1,1,1,0,4.5,M,50,Provincia de Buenos Aires
,Raquel Vivanco,Diputado/a,1 País,CABA,,De acuerdo,De acuerdo,De acuerdo,De acuerdo,De acuerdo,Entre 40 y 50% de mujeres,De acuerdo,De acuerdo,De acuerdo,De acuerdo,No,De acuerdo,De acuerdo,De acuerdo,Sí,Ley de 50 y 50 en todos los lugares de desición. Ley de Sistema integral de cuidados. Ley de prevención y sanción del Acoso Callejero. Ampliación de licencia por paternidad y de Licencias parentales. Ley de Emergencia Nacional por violencia contra las Mujeres.  ,,,,,Raquel Vivanco.jpg,1,1,1,1,0.91,1,1,0.7,1,1,1,1,0,1,-1,1,1,1,1,1,1,0,3.9,M,,CABA
,Bárbara Bonelli,Legislador/a,Evolución,CABA,,De acuerdo,De acuerdo,De acuerdo,De acuerdo,De acuerdo,Entre 40 y 50% de mujeres,De acuerdo,De acuerdo,De acuerdo,De acuerdo,No,De acuerdo,De acuerdo,De acuerdo,No la conoce,"1)Modificar el régimen de licencias de maternidad y parternidad con 15 días como mínimo de licencia por paternidad y crear una licencia familiar de 60 días que pueda ser tomada de forma no consecutiva y flexible durante el primer año de vida del bebé por el padro o la madre. 
2)Plan integral contra la violencia de género, que opere como una malla de contención que evite los femicidios. Con talleres de prevención de los noviazgos violentos en la escuela media, atención especializada y descentralizada (asistencia legal y psicológica/patrocinio jurídico gratruito) ruta de atención personalizada (coordinación con todas las áreas) sistema de alertas tempranas. Implementar la ley de educación sexual integral 
3)Impulsar la paridad en los cargos electivos ",,,,,barbarabonelli.jpg,1,1,1,1,0.91,1,1,0.7,1,1,1,1,0,1,-1,1,1,1,1,0,1,0,3.9,M,28,CABA
,Héctor Baldassi,Diputado/a,Cambiemos,Córdoba,,Sin respuesta,Sin respuesta,En desacuerdo,Se abstiene,En desacuerdo,Entre 30 y 39% de mujeres,En desacuerdo,Se abstiene,En desacuerdo,De acuerdo,No,De acuerdo,Se abstiene,Se abstiene,No la conoce,,,,,,hector baldassi.jpg,-0.7,0,0,-1,-0.2,0,-1,0,-0.75,-1,0,-1,0,1,-1,0.25,1,0,0,0,0,0,-1.4,V,51,Córdoba
,Juan José Bahillo,Diputado/a,Frente Justicialista Somos Entre Ríos,Entre Ríos,,Sin respuesta,De acuerdo,Se abstiene,De acuerdo,Se abstiene,Más de 50% de mujeres,En desacuerdo,De acuerdo,Se abstiene,Se abstiene,No,Se abstiene,Se abstiene,De acuerdo,No la conoce,,,,,,Juan Jose Bahillo.jpg,0.1,0,1,0,0.8,1,0,1,0,-1,1,0,-0.5,0,-1,0.5,0,0,1,0,0,0,0.9,V,51,Entre Ríos
,Graciela Ocaña,Diputado/a,Cambiemos,Provincia de Buenos Aires,,Se abstiene,Se abstiene,En desacuerdo,En desacuerdo,Se abstiene,Entre 30 y 39% de mujeres,En desacuerdo,Se abstiene,Se abstiene,En desacuerdo,No,Se abstiene,Se abstiene,Se abstiene,No la conoce,,,,,,ocana.jpg,-0.7,0,0,-1,-0.5,-1,0,0,-0.25,-1,0,0,-1,-1,-1,0,0,0,0,0,0,0,-2.5,M,56,Provincia de Buenos Aires
,Tomás Máscolo,Diputado/a,Frente De Izquierda,CABA,,De acuerdo,De acuerdo,De acuerdo,De acuerdo,De acuerdo,Entre 40 y 50% de mujeres,De acuerdo,De acuerdo,De acuerdo,De acuerdo,Sí,De acuerdo,De acuerdo,De acuerdo,Sí,Ley de emergencia contra la violencia de genero,,,,,tom-mascolo.jpg,1,1,1,1,0.91,1,1,0.7,1,1,1,1,1,1,1,1,1,1,1,1,1,0,4.9,V,30,CABA
,Nicolás del Caño,Diputado/a,Frente De Izquierda,Provincia de Buenos Aires,,De acuerdo,De acuerdo,De acuerdo,De acuerdo,De acuerdo,Entre 40 y 50% de mujeres,De acuerdo,De acuerdo,De acuerdo,De acuerdo,Sí,De acuerdo,De acuerdo,De acuerdo,Sí,"Como diputado nacional por el PTS en el Frente de Izquierda, presenté junto a mi compañera Myriam Bregman distintos proyectos que buscan aportar a la lucha de las mujeres y personas LGTB, en el camino de terminar con todo tipo de opresión. Entre otras iniciativas, que también son parte de nuestras propuestas electorales, impulsamos la exigencia de un salario mínimo igual al costo de la canasta básica familiar; de igual salario por igual trabajo; de fin de la tercerización y precarización laboral; de cupo laboral trans en los establecimientos públicos y privados; de licencias por violencia de género, por enfermedad de los hijos e hijas y personas a cargo; de escuelas infantiles y lactarios en los lugares de estudio y de trabajo, al mismo tiempo que alentamos con diversas iniciativas la organización y participación de las mujeres en la vida política y sindical",,,,,nicolas-del-cano.jpg,1,1,1,1,0.91,1,1,0.7,1,1,1,1,1,1,1,1,1,1,1,1,1,0,4.9,V,37,Provincia de Buenos Aires
,Osvaldo Jaldo,Diputado/a,Frente Justicialista Por Tucumán,Tucumán,,Sin respuesta,En desacuerdo,En desacuerdo,De acuerdo,Se abstiene,Entre 40 y 50% de mujeres,En desacuerdo,Sin respuesta,Sin respuesta,Se abstiene,No,Sin respuesta,Sin respuesta,De acuerdo,No la conoce,,,,,,osvaldo-jaldo.jpg,-0.8,0,-1,-1,0.71,1,0,0.7,-0.25,-1,0,0,-0.5,0,-1,0.5,0,0,1,0,0,0,-0.3,V,59,Tucumán
,Mario Arce,Diputado/a,Cambiemos,Formosa,,En desacuerdo,En desacuerdo,En desacuerdo,Se abstiene,En desacuerdo,Entre 40 y 50% de mujeres,En desacuerdo,Sin respuesta,Sin respuesta,Se abstiene,No,Sin respuesta,Sin respuesta,Sin respuesta,No la conoce,,,,,,arce.jpg,-1,-1,-1,-1,0.01,0,-1,0.7,-0.25,-1,0,0,-0.5,0,-1,0,0,0,0,0,0,0,-1.7,V,41,Formosa
,Daniel Filmus,Diputado/a,Unidad Ciudadana,CABA,,De acuerdo,De acuerdo,Se abstiene,De acuerdo,Se abstiene,Entre 40 y 50% de mujeres,En desacuerdo,Sin respuesta,Sin respuesta,De acuerdo,Sí,De acuerdo,De acuerdo,Sin respuesta,No la conoce,,,,,,filmus.jpg,0.3,1,1,0,0.71,1,0,0.7,-0.25,-1,0,0,1,1,1,0.5,1,1,0,0,0,0,2.3,V,62,CABA
,Ricardo Wellbach,Diputado/a,Frente Renovador De La Concordia,Misiones,,Se abstiene,Se abstiene,En desacuerdo,Se abstiene,En desacuerdo,Entre 40 y 50% de mujeres,En desacuerdo,Sin respuesta,Sin respuesta,Sin respuesta,No,Sin respuesta,De acuerdo,De acuerdo,No la conoce,,,,,,Welbach.jpg,-0.7,0,0,-1,0.01,0,-1,0.7,-0.25,-1,0,0,-0.5,0,-1,0.75,0,1,1,0,0,0,-0.7,V,55,Misiones
,Agustín Rossi,Diputado/a,Unidad Ciudadana,Santa Fé,,De acuerdo,De acuerdo,Se abstiene,De acuerdo,De acuerdo,Entre 40 y 50% de mujeres,En desacuerdo,De acuerdo,Sin respuesta,De acuerdo,No,Sin respuesta,De acuerdo,De acuerdo,Si,,,,,,rossi.jpg,0.3,1,1,0,0.91,1,1,0.7,0,-1,1,0,0,1,-1,0.75,0,1,1,0,0,0,2.0,V,58,Santa Fé
,Ricardo Bussi,Diputado/a,Fuerza Republicana,Tucumán,,En desacuerdo,En desacuerdo,En desacuerdo,En desacuerdo,En desacuerdo,Entre 40 y 50% de mujeres,En desacuerdo,En desacuerdo,Sin respuesta,En desacuerdo,No,Sin respuesta,Sin respuesta,Sin respuesta,No la conoce,,¿Para qué quiere una chica de La Cocha saber matemáticas? ,,,,bussi.jpg,-1,-1,-1,-1,-0.49,-1,-1,0.7,-0.5,-1,-1,0,-1,-1,-1,0,0,0,0,0,0,-1,-3.0,V,53,Tucumán
,Christian Castillo,Diputado/a,Frente De Izquierda,Provincia de Buenos Aires,,De acuerdo,De acuerdo,De acuerdo,De acuerdo,De acuerdo,Entre 40 y 50% de mujeres,De acuerdo,De acuerdo,De acuerdo,De acuerdo,Sí,De acuerdo,De acuerdo,De acuerdo,Sí,"Jardines maternales en lugares de trabajo y estudio; Igual trabajo igual salario; Aborto legal, seguro y gratuito",,No,,,chipi.jpg,1,1,1,1,0.91,1,1,0.7,1,1,1,1,1,1,1,1,1,1,1,1,1,0,4.9,V,50,Provincia de Buenos Aires
,Raúl Godoy,Diputado/a,Frente De Izquierda,Neuquen,,De acuerdo,De acuerdo,De acuerdo,De acuerdo,De acuerdo,Entre 40 y 50% de mujeres,De acuerdo,De acuerdo,De acuerdo,De acuerdo,No,De acuerdo,De acuerdo,De acuerdo,No la conoce,"Si. Ya presentamos en la Legislatura de Neuquén un Plan de Emergencia contra la violencia hacia las mujeres, Plan Laboral en Planta Permanente de protección a personas Transgénero, Transexuales y Travestis del 5%, Cupo femenino del 50% como mínimo en las listas y sin techo, Derechos al aborto legal, seguro y gratuito en el hospital público. Peleamos por igual remuneración por igual trabajo y capacitación sin distinción de género y estamos elaborando un proyecto para la creación de equipos interdisciplinarios para personas Transgénero, Transexuales y Travestis en todos los hospitales públicos.",,,,,Godoy.jpg,1,1,1,1,0.91,1,1,0.7,1,1,1,1,0,1,-1,1,1,1,1,0,1,0,3.9,V,,Neuquen
,Alejandro Ariel Vilca,Diputado/a,Frente De Izquierda,Jujuy,,De acuerdo,De acuerdo,De acuerdo,De acuerdo,De acuerdo,Más de 50% de mujeres,De acuerdo,De acuerdo,De acuerdo,De acuerdo,Sí,De acuerdo,De acuerdo,De acuerdo,No la conoce,"Paridad salarial efectiva, ya que aún hoy se mantiene la brecha salarial entre mujeres y varones. Implementación de jardines maternales en todos los lugares de trabajo y estudio. ",,No,,,vilca.jpg,1,1,1,1,1,1,1,1,1,1,1,1,1,1,1,1,1,1,1,0,1,0,5.0,V,38,Jujuy
,Gastón Alejandro Remy,Senador/a,Frente De Izquierda,Jujuy,,De acuerdo,De acuerdo,De acuerdo,De acuerdo,De acuerdo,Entre 30 y 39% de mujeres,De acuerdo,De acuerdo,De acuerdo,De acuerdo,Sí,De acuerdo,De acuerdo,De acuerdo,No la conoce,Implementación de jardines maternales en todos los lugares de trabajo y estudio. Implementación efectiva de la paridad salarial ya que las mujeres siguen percibiendo salarios inferiores a los varones por la misma tarea. ,,No,,,remy.jpg,1,1,1,1,0.7,1,1,0,1,1,1,1,1,1,1,1,1,1,1,0,1,0,4.7,V,,Jujuy
,Mariano Recalde,Legislador/a,Unidad Ciudadana,CABA,,De acuerdo,De acuerdo,De acuerdo,De acuerdo,Se abstiene,Entre 40 y 50% de mujeres,En desacuerdo,De acuerdo,Se abstiene,De acuerdo,Sí,De acuerdo,Se abstiene,De acuerdo,No la conoce,,,,,,recalde.jpg,1,1,1,1,0.71,1,0,0.7,0,-1,1,0,1,1,1,0.75,1,0,1,0,0,0,3.5,V,45,CABA
,María Emilia Soria,Diputado/a,Frente Para La Victoria,Río Negro,,Se abstiene,De acuerdo,En desacuerdo,De acuerdo,Se abstiene,Entre 40 y 50% de mujeres,En desacuerdo,Se abstiene,Se abstiene,De acuerdo,No,Se abstiene,De acuerdo,De acuerdo,No la conoce,,,,,,soria.jpg,-0.6,0,1,-1,0.71,1,0,0.7,-0.25,-1,0,0,0,1,-1,0.75,0,1,1,0,0,0,0.6,M,32,Río Negro
,Andrea Gutiérrez,Concejala,Frente De Izquierda,Jujuy,,De acuerdo,De acuerdo,De acuerdo,De acuerdo,De acuerdo,Más de 50% de mujeres,De acuerdo,De acuerdo,De acuerdo,De acuerdo,Sí,De acuerdo,De acuerdo,De acuerdo,Sí,"Es necesario legislar sobre la paridad salarial y las condiciones laborales de las mujeres.
Además es importante la implementación de jardines maternopaternales gratuitos en cada lugar de trabajo y estudio.",,,,,,1,1,1,1,1,1,1,1,1,1,1,1,1,1,1,1,1,1,1,1,1,0,5.0,M,,Jujuy
,Majo Gerez,Concejala,Frente Social Y Popular,"Rosario, Santa Fe",,De acuerdo,De acuerdo,De acuerdo,De acuerdo,De acuerdo,Más de 50% de mujeres,De acuerdo,De acuerdo,De acuerdo,De acuerdo,No,De acuerdo,De acuerdo,De acuerdo,Sí,sistema público para las tareas de cuidado,,,,,majo.jpg,1,1,1,1,1,1,1,1,1,1,1,1,0,1,-1,1,1,1,1,1,1,0,4.0,M,33,Santa Fé
,Lihuen Eugenia Antonelli,Concejala,Frente De Izquierda,"Lobos, Buenos Aires",,De acuerdo,De acuerdo,De acuerdo,De acuerdo,De acuerdo,Entre 40 y 50% de mujeres,De acuerdo,De acuerdo,De acuerdo,De acuerdo,Sí,De acuerdo,De acuerdo,De acuerdo,No la conoce,"Igual salario por igual trabajo, medidas paliativas contra la violencia de género como la creación de refugios, cupo laboral trans en la municipalidad ",,,,,,1,1,1,1,0.91,1,1,0.7,1,1,1,1,1,1,1,1,1,1,1,0,1,0,4.9,M,,Provincia de Buenos Aires
,Claudia Lupardo,Diputado/a,Frente De Izquierda,La Pampa,,De acuerdo,De acuerdo,De acuerdo,De acuerdo,De acuerdo,Más de 50% de mujeres,De acuerdo,De acuerdo,De acuerdo,De acuerdo,Sí,De acuerdo,De acuerdo,De acuerdo,No la conoce,"Como integrante de la agrupación de mujeres Pan y Rosas considero que la lucha contra la opresión de las mujeres es, también, una lucha anticapitalista, y que por eso, sólo la revolución social encabezada por millones de trabajadoras y trabajadores en alianza con el pueblo pobre y todos los sectores oprimidos por este sistema, que acabe con las cadenas del capital, puede sentar las bases para la emancipación de las mujeres.",,,,,lupardo.jpg,1,1,1,1,1,1,1,1,1,1,1,1,1,1,1,1,1,1,1,0,1,0,5.0,M,,La Pampa
,Facundo Suarez Lastra,Diputado/a,Vamos Juntos,CABA,,De acuerdo,De acuerdo,De acuerdo,En desacuerdo,Se abstiene,Entre 40 y 50% de mujeres,Se abstiene,Se abstiene,De acuerdo,En desacuerdo,No,De acuerdo,De acuerdo,De acuerdo,No la conoce,Ampliación de la cobertura de jardines maternales y escuelas de primera infancia a partir de los tres años. ,,,,,lastra.jpg,1,1,1,1,-0.29,-1,0,0.7,0.5,0,0,1,-1,-1,-1,1,1,1,1,0,1,0,1.2,V,63,CABA
,Laura González Velasco,Legislador/a,1 País,CABA,,De acuerdo,De acuerdo,De acuerdo,De acuerdo,De acuerdo,Entre 40 y 50% de mujeres,De acuerdo,De acuerdo,De acuerdo,De acuerdo,Sí,De acuerdo,De acuerdo,De acuerdo,Sí,"Proyectos de Ley: Ministerio de la Mujer, Integral de Cuidados, Emergencia por Violencia de Género, Acoso callejero, Aborto Legal Seguro y Gratuito, Paridad en cargos legislativos, Paridad en cargos ejecutivos, Licencia por paternidad, Impuesto rosa. Cumplimiento de las leyes existentes a través de la votación presupuestaria y de comisiones de control y seguimiento con participación de organizaciones y especialistas. Observatorio, encuestas, construcción de datos y campañas de difusión/concientización. Jornadas de educadoras/es por la Educación Sexual Integral. ",,,,,velasco.jpg,1,1,1,1,0.91,1,1,0.7,1,1,1,1,1,1,1,1,1,1,1,1,1,0,4.9,M,49,CABA
,Malvina Gareca,Concejala,Frente Plural,Salta Capital,,De acuerdo,De acuerdo,De acuerdo,De acuerdo,De acuerdo,Entre 40 y 50% de mujeres,De acuerdo,De acuerdo,De acuerdo,De acuerdo,Sí,De acuerdo,De acuerdo,De acuerdo,Sí,"#En municipio de Salta Capital es necesario un mapeo de género para que podamos tener certeza de la participación de las mujeres en los lugares de trabajo del Municipio, y reflejar su participación en los lugares de toma de decisión.
#La restitución del área de la diversidad es fundamental para poder debatir las problemáticas de interés del colectivo LGTBIQ.
#En los barrios de la ciudad se ve aun la falta de acceso a información relacionada a las diferentes formas de violencia de género .Los centros de participación para mujeres serán espacios donde se pueda acceder a información,asesoramiento, capacitación, promoción de redes de economía social, entre otras actividades. 
#Ciudades seguras para las Mujeres. En Salta el acoso Callejero se padece desde los ocho años, voy a impulsar la planificación urbana con perspectiva de género. Que pasa cuando andamos por los espacios públicos? Calles sin luz, paradas de colectivos no señalizadas, baldíos, todas estas situaciones agravan nuestro tránsito por los espacios públicos y es necesario visibilizarlos y trabajar fuerte la toma de conciencia sobre el acoso Callejero como una forma de violencia de género.
#Con el equipo del Frente que vengo trabajando seguirá trabajando de manera articulada, de manera tal que podamos dar fuerza a estas y otras iniciativas.
",,,,,,1,1,1,1,0.91,1,1,0.7,1,1,1,1,1,1,1,1,1,1,1,1,1,0,4.9,M,35,Salta
,Nadia Burgos,Diputado/a,MST- Nueva Izquierda,Entre Ríos,,De acuerdo,De acuerdo,De acuerdo,De acuerdo,De acuerdo,Entre 40 y 50% de mujeres,De acuerdo,De acuerdo,De acuerdo,De acuerdo,Sí,De acuerdo,De acuerdo,De acuerdo,Sí,"Somos anticapitalistas y feministas. Luchamos en las calles contra la violencia y las instituciones machistas y queremos que nuestras voces lleguen al Congreso para poder impulsar: 
Presupuesto real para la Emergencia en Violencia de Géneros, controlado por las organizaciones de mujeres y disidencia sexual.
Basta de justicia machista, elección directa de jueces y fiscales por voto popular y mandatos revocables. Juicio por jurado. 
Separación de la Iglesia y el Estado, basta de subsidiar a la iglesia católica, sus escuelas y curas. 
Educación Sexual para decidir, Anticonceptivos para no Abortar y Aborto Legal. 
Basta de travesticidios, para la inclusión real cupo Laboral Trans. ",,,,,nadiaburgos.jpg,1,1,1,1,0.91,1,1,0.7,1,1,1,1,1,1,1,1,1,1,1,1,1,0,4.9,M,29,Entre Ríos
,Vilches Laura,Diputado/a,Frente De Izquierda,CABA,,De acuerdo,De acuerdo,De acuerdo,De acuerdo,De acuerdo,Entre 40 y 50% de mujeres,De acuerdo,De acuerdo,De acuerdo,De acuerdo,Sí,De acuerdo,De acuerdo,De acuerdo,Sí,"Creemos que hay que imponer igual salario por igual trabajo. Garantizar guarderías gratuitas y lactarios en los establecimientos laborales y educativos. Legalizar el derecho al aborto para evitar la muerte de mujeres jovenes yde los sectores populares - las más vulnerables-. Proponemos separar la Iglesia del estado y acabar con los subsidios a la Iglesia, para destinarlos a refugios, salario igual a canasta fliar para los equipos interdisciplinarios que atienen a mujeres en situacion de violencia machista, entre algunas otras medidas que están presenten en nuestro programa electoral y el de la agrupación de Mujeres Pan y Rosas. ",,,,,,1,1,1,1,0.91,1,1,0.7,1,1,1,1,1,1,1,1,1,1,1,1,1,0,4.9,M,37,CABA
,Octavio Crivaro,Diputado/a,Frente De Izquierda,Santa Fé,,De acuerdo,De acuerdo,De acuerdo,De acuerdo,De acuerdo,Más de 50% de mujeres,De acuerdo,De acuerdo,De acuerdo,De acuerdo,Sí,De acuerdo,De acuerdo,De acuerdo,No la conoce,Presupuesto para refugios por violencia.,,,,,octavio.jpg,1,1,1,1,1,1,1,1,1,1,1,1,1,1,1,1,1,1,1,0,1,0,5.0,M,35,Santa Fé
,Maria Luciana Nogueira,Concejala,Frente De Izquierda,Necochea,,De acuerdo,De acuerdo,De acuerdo,De acuerdo,De acuerdo,Más de 50% de mujeres,De acuerdo,De acuerdo,De acuerdo,De acuerdo,Sí,De acuerdo,De acuerdo,De acuerdo,Sí,,,,,,,1,1,1,1,1,1,1,1,1,1,1,1,1,1,1,1,1,1,1,1,0,0,5.0,M,42,Provincia de Buenos Aires
,Gisela Barbieri,Consejala,Unidad Ciudadana,Necochea,,De acuerdo,De acuerdo,De acuerdo,De acuerdo,De acuerdo,Más de 50% de mujeres,De acuerdo,De acuerdo,De acuerdo,De acuerdo,Sí,De acuerdo,De acuerdo,De acuerdo,Sí,,,,,,barbieri.jpg,1,1,1,1,1,1,1,1,1,1,1,1,1,1,1,1,1,1,1,1,0,0,5.0,M,,Provincia de Buenos Aires
,Mara Pérez,Concejala,Cumplir,Necochea,,De acuerdo,De acuerdo,De acuerdo,Se abstiene,De acuerdo,Entre 40 y 50% de mujeres,De acuerdo,Se abstiene,De acuerdo,De acuerdo,No,De acuerdo,De acuerdo,De acuerdo,Sí,,,,,,maraperez.jpg,1,1,1,1,0.41,0,1,0.7,0.75,1,0,1,0,1,-1,1,1,1,1,1,0,0,3.2,M,26,Provincia de Buenos Aires
,Caren Tepp,Diputado/a,Ciudad Futura,Santa Fé,,De acuerdo,De acuerdo,De acuerdo,De acuerdo,De acuerdo,Más de 50% de mujeres,De acuerdo,De acuerdo,De acuerdo,De acuerdo,No,De acuerdo,De acuerdo,De acuerdo,Sí,Sistema Nacional de Cuidados; Incorporación de lecturas no sexistas en las Escuelas Públicas; Red social multiplicadora para la implementación de la ESI; Federalización del Programa Víctimas contra las Violencias,,,,,carentepp.jpg,1,1,1,1,1,1,1,1,1,1,1,1,0,1,-1,1,1,1,1,1,1,0,4.0,M,30,Santa Fé
,Graciana Florencia Maizzani Haro,Consejala,Cambiemos,Necochea,,De acuerdo,De acuerdo,De acuerdo,De acuerdo,De acuerdo,Más de 50% de mujeres,De acuerdo,De acuerdo,De acuerdo,De acuerdo,No,De acuerdo,De acuerdo,De acuerdo,No la conoce,,,,,,graziana.jpg,1,1,1,1,1,1,1,1,1,1,1,1,0,1,-1,1,1,1,1,0,0,0,4.0,M,28,Provincia de Buenos Aires
,Mónica Conesa,Concejala,Frente De Izquierda,Necochea,,De acuerdo,De acuerdo,De acuerdo,En desacuerdo,De acuerdo,Más de 50% de mujeres,De acuerdo,De acuerdo,De acuerdo,De acuerdo,Sí,De acuerdo,De acuerdo,De acuerdo,No la conoce,,,,,,conesa.jpg,1,1,1,1,0,-1,1,1,1,1,1,1,1,1,1,1,1,1,1,0,0,0,4.0,M,,Provincia de Buenos Aires
,Nerea Tacari,Diputado/a,Unidad Ciudadana,Santa Fé,,De acuerdo,De acuerdo,De acuerdo,De acuerdo,De acuerdo,Entre 40 y 50% de mujeres,De acuerdo,De acuerdo,De acuerdo,De acuerdo,No,De acuerdo,De acuerdo,De acuerdo,Sí,Si,,,,,nerea.jpg,1,1,1,1,0.91,1,1,0.7,1,1,1,1,0,1,-1,1,1,1,1,1,1,0,3.9,M,35,Santa Fé
,Gonzalo Valverde,Diputado/a,Frente De Izquierda,CABA,,De acuerdo,De acuerdo,De acuerdo,De acuerdo,De acuerdo,Más de 50% de mujeres,De acuerdo,De acuerdo,De acuerdo,De acuerdo,Sí,De acuerdo,De acuerdo,De acuerdo,Sí,"Acompañar y aportar a las movilizaciones de las mujeres y disidentes sexuales, apoyando aquellas iniciativas que impliquen una mejora en nuestras vidas para terminar con toda forma de opresión.
A su vez, presentamos con mis compañerxs Nicolás del Caño y Myriam Bregman un proyecto de plan de emergencia en violencia de género a nivel nacional y con Laura Vilches en la legislatura provincial",,,,,,1,1,1,1,1,1,1,1,1,1,1,1,1,1,1,1,1,1,1,1,1,0,5.0,V,35,CABA
,Mariana Vieyra,Legislador/a,Unidad Porteña,CABA,,De acuerdo,De acuerdo,De acuerdo,De acuerdo,De acuerdo,Entre 40 y 50% de mujeres,De acuerdo,De acuerdo,De acuerdo,De acuerdo,Sí,De acuerdo,De acuerdo,De acuerdo,Sí,"Lxs candidatxs de Unidad Porteña que son legisladorxs y diputadxs con mandato vigente o han cumplido alguna función en el Estado somos conscientes de la desigualdad de género y tenemos varios proyectos de ley con perspectiva de género (laborales, de salud, paridad, violencia de género, diversidad, identidad de género, infancia). Específicamente en CABA, existen proyectos de prevención y asistencia a mujeres en situación de violencia de género, de paridad en los cargos electivos, de licencia laboral por violencia de género, de cupo laboral para travestis, transexuales y transgénero, de jardines de infantes en los lugares de trabajo de padres y madres, de observatorio para visibilizar y denunciar la violencia obstétrica, entre otros. ",,,,,,1,1,1,1,0.91,1,1,0.7,1,1,1,1,1,1,1,1,1,1,1,1,1,0,4.9,M,,CABA
,Graciela Cecilia Rodríguez,Diputado/a,Cambia Mendoza,Mendoza,,De acuerdo,De acuerdo,De acuerdo,De acuerdo,De acuerdo,Entre 40 y 50% de mujeres,De acuerdo,De acuerdo,De acuerdo,En desacuerdo,No,De acuerdo,De acuerdo,De acuerdo,No la conoce,"Si, en relación a como se implementa el ESI ",,,,,,1,1,1,1,0.91,1,1,0.7,1,1,1,1,-1,-1,-1,1,1,1,1,0,1,0,2.9,M,,Mendoza
,Gisela Marziotta,Diputado/a,Unidad Ciudadana,CABA,,De acuerdo,De acuerdo,De acuerdo,De acuerdo,De acuerdo,Entre 40 y 50% de mujeres,De acuerdo,De acuerdo,De acuerdo,De acuerdo,Sí,De acuerdo,De acuerdo,De acuerdo,Sí,Igualar licencia de maternidad/paternidad y extender el tiempo de 3 a por lo menos seis meses.,,,,,Marziotta.jpg,1,1,1,1,0.91,1,1,0.7,1,1,1,1,1,1,1,1,1,1,1,1,1,0,4.9,M,42,CABA
,Julián Hofele,Legislador/a,Unidad Ciudadana,CABA,,De acuerdo,De acuerdo,De acuerdo,De acuerdo,De acuerdo,Entre 40 y 50% de mujeres,De acuerdo,De acuerdo,De acuerdo,De acuerdo,Sí,De acuerdo,De acuerdo,De acuerdo,Sí,"Si, algunos de los temas que estamos trabajando actualmente son:
En materia de brecha educativa promover el ingreso a estudios considerados tradicionalmente masculinos mediante la imposición de cupos. 
En cuanto a la brecha laboral es necesaria la correcta aplicación del Art. 179 LCT ( si bien requiere la adaptación de su texto cuya erronea aplicación podría resulta contraproducente) mediante la incorporación de jardines infantiles en las grandes empresas.
Asimismo estamos trabajando actualmente en un proyecto conjunto con centros de estudios y sindicatos que regule a todxs aquellxs que trabajan en tareas vinculadas al cuidado, lo que resulta fundamental para garantizar mayores derechos a lxs trabajadorxs, y la institucionalización de una tarea realizada en mayoría de los casos exclusivamente por mujeres, y además sin la remuneración correspondiente. ",,,"Resulta insuficiente una licencia por paternidad de un mes, si bien implicaría un avance. Las licencias por paternidad deben equipararse a las licencias por maternidad por varias razones que van desde evitar que la extensión de la licencia sea un factor que aumente la inequidad de genero en el acceso al trabajo para las mujeres hasta la necesidad de que las tareas de crianza sean compartidas por igual entre padres y madres para poder avanzar en derribar viejos esquemas de distribución de tareas de cuidado al interior de las familias. 
",,Hofele.jpg,1,1,1,1,0.91,1,1,0.7,1,1,1,1,1,1,1,1,1,1,1,1,1,0,4.9,V,27,CABA
,Mónica Macha,Diputado/a,Unidad Ciudadana,Provincia de Buenos Aires,,De acuerdo,De acuerdo,De acuerdo,De acuerdo,De acuerdo,Entre 40 y 50% de mujeres,De acuerdo,De acuerdo,De acuerdo,De acuerdo,No,De acuerdo,De acuerdo,De acuerdo,Sí,"Brecha salarial: Implementación de mecanismos de monitoreo de brecha salarial en leyes laborales como la LCT y otras, realizar acciones afirmativas del Estado para garantizar igualdad de remuneración por igualdad de trabajo, y monitorear cumplimiento de la ley de cupo sindical. Brecha de participación: extender servicios gratuitos de cuidado del sector público, tanto de niños y niñas como adultos mayores, ampliar licencias de cuidado a todxs lxs trabajadorxs (incluyendo monotributistas y autónomos) y optimizar la infraestructura de transporte para facilitar la conciliación de la vida laboral y familiar. Brecha previsional y de seguridad social: compensar años de aportes previsionales con un reconocimiento a las tareas de cuidado, garantizar una jubilación universal suficiente que brinde autonomía económica a las mujeres, e implementar mecanismos de transferencias monetarias para compensar licencias de cuidado de mujeres monotributistas, autónomas y que trabajan en el mercado informal.",,Sí,,,monica-macha.jpg,1,1,1,1,0.91,1,1,0.7,1,1,1,1,0,1,-1,1,1,1,1,1,1,0,3.9,M,45,Provincia de Buenos Aires
,Ana Carla Carrizo,Diputado/a,Evolución,CABA,,De acuerdo,De acuerdo,De acuerdo,De acuerdo,De acuerdo,Entre 30 y 39% de mujeres,De acuerdo,De acuerdo,De acuerdo,De acuerdo,No,De acuerdo,De acuerdo,De acuerdo,Sí,"Sí, hemos presentado las siguientes propuestas: Equidad salarial en Convenios Colectivos de Trabajo, Sello de Equidad en Empresas y el Estado, Licencias por violencia de género, Un Consejo Nacional de la Mujer Autónomo, Presupuesto Sensible al Género, Más autonomía a las mujeres con discapacidad en Aborto no punible, Integración Paritaria en Mutuales y cooperativas.",,,,,ana-carla-carrizo.jpg,1,1,1,1,0.7,1,1,0,1,1,1,1,0,1,-1,1,1,1,1,1,1,0,3.7,M,51,CABA
,Alicia Ciciliani,Diputado/a,Frente Progresista Cívico Y Social,Santa Fé,,De acuerdo,De acuerdo,De acuerdo,De acuerdo,De acuerdo,Entre 30 y 39% de mujeres,De acuerdo,De acuerdo,De acuerdo,De acuerdo,No,De acuerdo,De acuerdo,De acuerdo,No la conoce,varios proyectos presentados en la Cámara de Diputados. 1508-D-2016 EQUIDAD DE GENERO; REGIMEN PARA GARANTIZARLA EN EL MARCO DE LAS INSTITUCIONES DE EDUCACION SUPERIOR. 0756-D-2016 PARTICIPACION IGUALITARIA DE VARONES Y MUJERES EN LOS ORGANOS PLURIPERSONALES DEL GOBIERNO FEDERAL Y LAS ENTIDADES PUBLICAS NO ESTATALES. 0757-D-2016 LEY INCORPORACION DE LA PERSPECTIVA DE GENERO EN EL SISTEMA ESTADISTICO NACIONAL. 0756-D-2016 LEY PARTICIPACION IGUALITARIA DE VARONES Y MUJERES EN LOS ORGANOS PLURIPERSONALES DEL,,,,,ciciliani.jpg,1,1,1,1,0.7,1,1,0,1,1,1,1,0,1,-1,1,1,1,1,0,1,0,3.7,M,61,Santa Fé
,Alejandra Agreguez,Diputado/a,Frente De Izquierda,Tucumán,,De acuerdo,De acuerdo,De acuerdo,De acuerdo,De acuerdo,Entre 40 y 50% de mujeres,De acuerdo,De acuerdo,De acuerdo,De acuerdo,Sí,De acuerdo,De acuerdo,De acuerdo,Sí,Instrumental las medidas para cerrar la brecha salarial; implementar planes de licencias y subsidios en las situaciones de violencia o que lo ameriten; plan integral contra la violencia hacia las mujeres.,,,,,agreguez.jpg,1,1,1,1,0.91,1,1,0.7,1,1,1,1,1,1,1,1,1,1,1,1,1,0,4.9,M,,Tucumán
,Julian Simiele,Legislador/a,Unidad Porteña,CABA,,De acuerdo,De acuerdo,De acuerdo,De acuerdo,De acuerdo,Entre 40 y 50% de mujeres,De acuerdo,De acuerdo,De acuerdo,De acuerdo,Sí,De acuerdo,De acuerdo,De acuerdo,Sí,El acoso machista y patriarcal en los lugares de trabajo es una realidad. Llevar adelante una capacitación más extensiva en los gremios para la defensa de las situaciones cotidianas de maltrato.,,,Actualmente en la Argentina no podemos pretender justicia social sin una ley que regule el derecho al aborto ,Lograr un acceso a los cargos electivos con más paridad va a permitir desmitificar a aquellxs que pretenden que la política siga siendo excluyente ,,1,1,1,1,0.91,1,1,0.7,1,1,1,1,1,1,1,1,1,1,1,1,1,0,4.9,V,23,CABA
,Noelia Barbeito,Senador/a,Frente De Izquierda,Mendoza,,De acuerdo,De acuerdo,De acuerdo,De acuerdo,De acuerdo,Más de 50% de mujeres,De acuerdo,De acuerdo,De acuerdo,De acuerdo,Sí,De acuerdo,De acuerdo,De acuerdo,Sí,Igual salario por Igual trabajo. Educación sexual en todas las escuelas. Plan Nacional de Emergencia en Violencia de Género,,no,,,,1,1,1,1,0.7,1,1,0,1,1,1,1,1,1,1,1,1,1,1,1,1,0,4.7,M,35,Mendoza